<?xml version="1.0"?>
<concrete5-cif version="1.0">

    <singlepages>
        <page name="Login" path="/login" filename="/login.php" pagetype="" description="" package=""/>
        <page name="Register" path="/register" filename="/register.php" pagetype="" description="" package=""/>
        <page name="Profile" path="/profile" filename="/profile/view.php" pagetype="" description="" package=""/>
        <page name="Edit" path="/profile/edit" filename="/profile/edit.php" pagetype="" description="" package=""/>
        <page name="Avatar" path="/profile/avatar" filename="/profile/avatar.php" pagetype="" description="" package=""/>
        <page name="Messages" path="/profile/messages" filename="/profile/messages.php" pagetype="" description="" package=""/>
        <page name="Friends" path="/profile/friends" filename="/profile/friends.php" pagetype="" description="" package=""/>
        <page name="Page Not Found" path="/page_not_found" filename="/page_not_found.php" pagetype="" description="" package="">
            <area name="Main"/>
        </page>
        <page name="Page Forbidden" path="/page_forbidden" filename="/page_forbidden.php" pagetype="" description="" package=""/>
        <page name="Dashboard" path="/dashboard" filename="/dashboard/view.php" pagetype="" description="" package=""/>
        <page name="Composer" path="/dashboard/composer" filename="/dashboard/composer/view.php" pagetype="" description="Write for your site." package=""/>
        <page name="Write" path="/dashboard/composer/write" filename="/dashboard/composer/write.php" pagetype="" description="" package=""/>
        <page name="Drafts" path="/dashboard/composer/drafts" filename="/dashboard/composer/drafts.php" pagetype="" description="" package=""/>
        <page name="Sitemap" path="/dashboard/sitemap" filename="/dashboard/sitemap/view.php" pagetype="" description="Whole world at a glance." package=""/>
        <page name="Full Sitemap" path="/dashboard/sitemap/full" filename="/dashboard/sitemap/full.php" pagetype="" description="" package=""/>
        <page name="Flat View" path="/dashboard/sitemap/explore" filename="/dashboard/sitemap/explore.php" pagetype="" description="" package=""/>
        <page name="Page Search" path="/dashboard/sitemap/search" filename="/dashboard/sitemap/search.php" pagetype="" description="" package=""/>
        <page name="Files" path="/dashboard/files" filename="/dashboard/files/view.php" pagetype="" description="All documents and images." package=""/>
        <page name="File Manager" path="/dashboard/files/search" filename="/dashboard/files/search.php" pagetype="" description="" package=""/>
        <page name="Attributes" path="/dashboard/files/attributes" filename="/dashboard/files/attributes.php" pagetype="" description="" package=""/>
        <page name="File Sets" path="/dashboard/files/sets" filename="/dashboard/files/sets.php" pagetype="" description="" package=""/>
        <page name="Add File Set" path="/dashboard/files/add_set" filename="/dashboard/files/add_set.php" pagetype="" description="" package=""/>
        <page name="Members" path="/dashboard/users" filename="/dashboard/users/view.php" pagetype="" description="Add and manage the user accounts and groups on your website." package=""/>
        <page name="Search Users" path="/dashboard/users/search" filename="/dashboard/users/search.php" pagetype="" description="" package=""/>
        <page name="User Groups" path="/dashboard/users/groups" filename="/dashboard/users/groups.php" pagetype="" description="" package=""/>
        <page name="Attributes" path="/dashboard/users/attributes" filename="/dashboard/users/attributes.php" pagetype="" description="" package=""/>
        <page name="Add User" path="/dashboard/users/add" filename="/dashboard/users/add.php" pagetype="" description="" package=""/>
        <page name="Add Group" path="/dashboard/users/add_group" filename="/dashboard/users/add_group.php" pagetype="" description="" package=""/>
        <page name="Reports" path="/dashboard/reports" filename="/dashboard/reports.php" pagetype="" description="Get data from forms and logs." package=""/>
        <page name="Form Results" path="/dashboard/reports/forms" filename="/dashboard/reports/forms.php" pagetype="" description="Get submission data." package=""/>
        <page name="Surveys" path="/dashboard/reports/surveys" filename="/dashboard/reports/surveys.php" pagetype="" description="" package=""/>
        <page name="Logs" path="/dashboard/reports/logs" filename="/dashboard/reports/logs.php" pagetype="" description="" package=""/>
        <page name="Pages &amp; Themes" path="/dashboard/pages" filename="/dashboard/pages/view.php" pagetype="" description="Reskin your site." package=""/>
        <page name="Themes" path="/dashboard/pages/themes" filename="/dashboard/pages/themes/view.php" pagetype="" description="Reskin your site." package=""/>
        <page name="Add" path="/dashboard/pages/themes/add" filename="/dashboard/pages/themes/add.php" pagetype="" description="" package=""/>
        <page name="Inspect" path="/dashboard/pages/themes/inspect" filename="/dashboard/pages/themes/inspect.php" pagetype="" description="" package=""/>
        <page name="Customize" path="/dashboard/pages/themes/customize" filename="/dashboard/pages/themes/customize.php" pagetype="" description="" package=""/>
        <page name="Page Types" path="/dashboard/pages/types" filename="/dashboard/pages/types/view.php" pagetype="" description="What goes in your site." package=""/>
        <page name="Attributes" path="/dashboard/pages/attributes" filename="/dashboard/pages/attributes.php" pagetype="" description="" package=""/>
        <page name="Single Pages" path="/dashboard/pages/single" filename="/dashboard/pages/single.php" pagetype="" description="" package=""/>        
        <page name="Stacks &amp; Blocks" path="/dashboard/blocks" filename="/dashboard/blocks/view.php" pagetype="" description="Manage sitewide content and administer block types." package="" />
        <page name="Stacks" path="/dashboard/blocks/stacks" filename="/dashboard/blocks/stacks/view.php" pagetype="" description="Share content across your site." package="" />
        <page name="Stack List" path="/dashboard/blocks/stacks/list" filename="/dashboard/blocks/stacks/list/view.php" pagetype="" description="" package="">
			<attributes>
				<attributekey handle="exclude_nav">
					<value><![CDATA[1]]></value>
				</attributekey>
				<attributekey handle="exclude_search_index">
					<value><![CDATA[1]]></value>
				</attributekey>
			</attributes>
        </page>
        <page name="Block Types" path="/dashboard/blocks/types" filename="/dashboard/blocks/types/view.php" pagetype="" description="Manage the installed block types in your site." package=""/>
    	
        <page name="Extend concrete5" path="/dashboard/extend" filename="/dashboard/extend/view.php" pagetype="" description="Connect to the concrete5 marketplace, install custom add-ons, and download updates for marketplace add-ons and themes." package="">
			<attributes>
				<attributekey handle="exclude_nav">
					<value><![CDATA[1]]></value>
				</attributekey>
			</attributes>
        </page>
        <page name="Add Functionality" path="/dashboard/extend/install" filename="/dashboard/extend/install.php" pagetype="" description="Install add-ons &amp; themes." package=""/>
        <page name="Update Add-Ons" path="/dashboard/extend/update" filename="/dashboard/extend/update.php" pagetype="" description="Update your installed packages." package=""/>
        <page name="Connect to the Community" path="/dashboard/extend/connect" filename="/dashboard/extend/connect.php" pagetype="" description="Connect to the concrete5 community." package="" />
        <page name="Get More Themes" path="/dashboard/extend/themes" filename="/dashboard/extend/themes.php" pagetype="" description="Download themes from concrete5.org." package=""/>
        <page name="Get More Add-Ons" path="/dashboard/extend/add-ons" filename="/dashboard/extend/add_ons.php" pagetype="" description="Download add-ons from concrete5.org." package=""/>
        <page name="System &amp; Settings" path="/dashboard/system" filename="/dashboard/system/view.php" pagetype="" description="Secure and setup your site." package="">
			<attributes>
				<attributekey handle="exclude_nav">
					<value><![CDATA[1]]></value>
				</attributekey>
			</attributes>
        </page>
        <!--
        <page name="Automated Jobs" path="/dashboard/system/jobs" filename="/dashboard/system/jobs.php" pagetype="" description="" package=""/>
        <page name="Backup &amp; Restore" path="/dashboard/system/backup" filename="/dashboard/system/backup.php" pagetype="" description="" package=""/>
        <page name="Update" path="/dashboard/system/update" filename="/dashboard/system/update.php" pagetype="" description="" package=""/>
        <page name="Notifications" path="/dashboard/system/notifications" filename="/dashboard/system/notifications.php" pagetype="" description="" package=""/>
        <page name="Email" path="/dashboard/system/mail" filename="/dashboard/system/mail/view.php" pagetype="" description="Enable post via email and other settings." package=""/>
        <page name="Permissions &amp; Access" path="/dashboard/system/permissions" filename="/dashboard/system/permissions/view.php" pagetype="" description="Change who can edit your site, and how they can do it." package=""/>
        <page name="File Permissions" path="/dashboard/system/permissions/files" filename="/dashboard/system/permissions/files.php" pagetype="" description="Setup how users can access your site's files." package=""/>
		<page name="Login &amp; Registration" path="/dashboard/system/registration" filename="/dashboard/system/registration.php" pagetype="" description="" package=""/>
		//-->

        <page name="Appearance" path="/dashboard/system/appearance" filename="/dashboard/system/appearance/view.php" pagetype="" description="Control your site name and bookmark icons." package=""/>
        <page name="Site Name" path="/dashboard/system/appearance/site_name" filename="/dashboard/system/appearance/site_name.php" pagetype="" description="" package=""/>
        <page name="Bookmark Icons" path="/dashboard/system/appearance/icons" filename="/dashboard/system/appearance/icons.php" pagetype="" description="Bookmark icon and mobile home screen icon setup." package=""/>
        <page name="Time Zone" path="/dashboard/system/appearance/timezone" filename="/dashboard/system/appearance/timezone.php" pagetype="" description="" package=""/>

        <page name="SEO &amp; Statistics" path="/dashboard/system/seo" filename="/dashboard/system/seo/view.php" pagetype="" description="Enable pretty URLs, statistics and tracking codes." package=""/>
        <page name="Pretty URLs" path="/dashboard/system/seo/urls" filename="/dashboard/system/seo/urls.php" pagetype="" description="" package=""/>
        <page name="Tracking Codes" path="/dashboard/system/seo/tracking_codes" filename="/dashboard/system/seo/tracking_codes.php" pagetype="" description="" package=""/>
        <page name="Statistics" path="/dashboard/system/seo/statistics" filename="/dashboard/system/seo/statistics.php" pagetype="" description="" package=""/>

        <page name="Editing" path="/dashboard/system/editing" filename="/dashboard/system/editing/view.php" pagetype="" description="Control how your site is edited." package=""/>
        <page name="Rich Text Editor" path="/dashboard/system/editing/editor" filename="/dashboard/system/editing/editor.php" pagetype="" description="" package=""/>
        <page name="Languages" path="/dashboard/system/editing/multilingual" filename="/dashboard/system/editing/multilingual/view.php" pagetype="" description="" package=""/>

        <page name="Optimization &amp; Maintenance" path="/dashboard/system/maintenance" filename="/dashboard/system/maintenance/view.php" pagetype="" description="Keep your site running well." package=""/>
        <page name="Cache &amp; Speed Settings" path="/dashboard/system/maintenance/cache" filename="/dashboard/system/maintenance/cache.php" pagetype="" description="" package=""/>
        <page name="Automated Jobs" path="/dashboard/system/maintenance/jobs" filename="/dashboard/system/maintenance/jobs.php" pagetype="" description="" package=""/>
        <page name="Maintenance Mode" path="/dashboard/system/maintenance/mode" filename="/dashboard/system/maintenance/mode.php" pagetype="" description="" package=""/>
        <page name="Notifications" path="/dashboard/system/maintenance/notifications" filename="/dashboard/system/maintenance/notifications.php" pagetype="" description="" package=""/>
        <page name="Update concrete5" path="/dashboard/system/maintenance/update" filename="/dashboard/system/maintenance/update.php" pagetype="" description="" package=""/>
        <page name="Backup Database" path="/dashboard/system/maintenance/backup" filename="/dashboard/system/maintenance/backup.php" pagetype="" description="" package=""/>

        <page name="Permissions &amp; Access" path="/dashboard/system/permissions" filename="/dashboard/system/permissions/view.php" pagetype="" description="Control who sees and edits your site." package=""/>
        <page name="Site Access" path="/dashboard/system/permissions/site" filename="/dashboard/system/permissions/site.php" pagetype="" description="" package=""/>
        <page name="File Permissions" path="/dashboard/system/permissions/file" filename="/dashboard/system/permissions/file.php" pagetype="" description="" package=""/>
        <page name="Task Permissions" path="/dashboard/system/permissions/tasks" filename="/dashboard/system/permissions/tasks.php" pagetype="" description="" package=""/>
        <page name="IP Blacklist" path="/dashboard/system/permissions/ip_blacklist" filename="/dashboard/system/permissions/ip_blacklist.php" pagetype="" description="" package=""/>

        <page name="Login &amp; Registration" path="/dashboard/system/registration" filename="/dashboard/system/registration/view.php" pagetype="" description="Change login behaviors and setup public profiles." package=""/>
        <page name="Post-Login Settings" path="/dashboard/system/registration/postlogin" filename="/dashboard/system/registration/postlogin.php" pagetype="" description="" package=""/>
        <page name="Public Profiles" path="/dashboard/system/registration/profiles" filename="/dashboard/system/registration/profiles.php" pagetype="" description="" package=""/>
        <page name="Public Registration" path="/dashboard/system/registration/public_registration" filename="/dashboard/system/registration/public_registration.php" pagetype="" description="" package=""/>

        <page name="Email" path="/dashboard/system/mail" filename="/dashboard/system/mail/view.php" pagetype="" description="Control how your site send and processes mail." package=""/>
        <page name="SMTP Method" path="/dashboard/system/mail/method" filename="/dashboard/system/mail/method.php" pagetype="" description="" package=""/>
        <page name="Test Mail Settings" path="/dashboard/system/mail/method/test_settings" filename="/dashboard/system/mail/method/test_settings.php" pagetype="" description="" package=""/>
        <page name="Importers" path="/dashboard/system/mail/importers" filename="/dashboard/system/mail/importers.php" pagetype="" description="" package=""/>

        <page name="Attributes" path="/dashboard/system/attributes" filename="/dashboard/system/attributes/view.php" pagetype="" description="Setup attributes for pages, users, files and more." package=""/>
        <page name="Sets" path="/dashboard/system/attributes/sets" filename="/dashboard/system/attributes/sets.php" pagetype="" description="Group attributes into sets for easier organization" package=""/>
        <page name="Types" path="/dashboard/system/attributes/types" filename="/dashboard/system/attributes/types.php" pagetype="" description="Choose which attribute types are available for different items." package=""/>
	
        <page name="Developer" path="/dashboard/system/developer" filename="/dashboard/system/developer/view.php" pagetype="" description="Advanced settings for web developers." package=""/>
        <page name="Environment Information" path="/dashboard/system/developer/environment" filename="/dashboard/system/developer/environment.php" pagetype="" description="" package=""/>
        <page name="Export Database XML" path="/dashboard/system/developer/database" filename="/dashboard/system/developer/database.php" pagetype="" description="" package=""/>
        <page name="Debug Settings" path="/dashboard/system/developer/debug" filename="/dashboard/system/developer/debug.php" pagetype="" description="" package=""/>
        <page name="Logging Settings" path="/dashboard/system/developer/logging" filename="/dashboard/system/developer/logging.php" pagetype="" description="" package=""/>

		<page name="Download File" path="/download_file" filename="/download_file.php" pagetype="" description="" package=""/>
        <page name="Members" path="/members" filename="/members.php" pagetype="" description="" package=""/>
        <page name="Composer" path="/dashboard/pages/types/composer" filename="/dashboard/pages/types/composer.php" pagetype="" description="" package=""/>
    </singlepages>
    <stacks>
        <stack name="Header Nav" type="global_area">
            <area name="Main">
                <block type="autonav" name="" custom-template="header_menu.php">
                    <data table="btNavigation">
                        <record>
                            <orderBy><![CDATA[display_asc]]></orderBy>
                            <displayPages><![CDATA[top]]></displayPages>
                            <displayPagesCID/>
                            <displayPagesIncludeSelf><![CDATA[0]]></displayPagesIncludeSelf>
                            <displaySubPages><![CDATA[none]]></displaySubPages>
                            <displaySubPageLevels><![CDATA[enough]]></displaySubPageLevels>
                            <displaySubPageLevelsNum><![CDATA[0]]></displaySubPageLevelsNum>
                            <displayUnavailablePages><![CDATA[0]]></displayUnavailablePages>
                        </record>
                    </data>
                </block>
            </area>
        </stack>
        <stack name="Site Heading" type="global_area">
            <area name="Main">
                <block type="content" name="">
                    <data table="btContentLocal">
                        <record>
                            <content><![CDATA[<h1 id="logo">
                            	<a href="{ccm:export:page:}">
                            		<p>{ccm:export:define:SITE}</p>
                            	</a></h1>]]></content>
                        </record>
                    </data>
                </block>
            </area>
        </stack>
    </stacks>
    <pagetypes>
        <pagetype handle="dashboard_primary_five" name="Dashboard Primary + Five" internal="1" package="" />
        <pagetype handle="dashboard_header_four_col" name="Dashboard Header + Four Column" internal="1" package="" />
        <pagetype handle="full" name="Full Width" package="">
            <page name="" path="" filename="" pagetype="full" description="" package="">
                <area name="Header">
                    <block type="image" name="" mc-block-id="XpeofvS4">
                        <data table="btContentImage">
                            <record>
                                <fID>{ccm:export:file:inneroptics_dot_net_canyonlands.jpg}</fID>
                                <fOnstateID/>
                                <maxWidth><![CDATA[0]]></maxWidth>
                                <maxHeight><![CDATA[0]]></maxHeight>
                                <externalLink><![CDATA[]]></externalLink>
                                <altText><![CDATA[]]></altText>
                            </record>
                        </data>
                    </block>
                </area>
                <area name="Main"/>
            </page>
        </pagetype>
        <pagetype handle="left_sidebar" name="Left Sidebar" package="">
            <page name="" path="" filename="" pagetype="left_sidebar" description="" package="">
                <area name="Header">
                    <block type="image" name="" mc-block-id="tKtpsWVg">
                        <data table="btContentImage">
                            <record>
                                <fID>{ccm:export:file:inneroptics_dot_net_portland.jpg}</fID>
                                <fOnstateID/>
                                <maxWidth><![CDATA[0]]></maxWidth>
                                <maxHeight><![CDATA[0]]></maxHeight>
                                <externalLink><![CDATA[]]></externalLink>
                                <altText><![CDATA[]]></altText>
                            </record>
                        </data>
                    </block>
                </area>
                <area name="Sidebar">
                    <block type="autonav" name="" mc-block-id="CHCQ46Tz">
                        <data table="btNavigation">
                            <record>
                                <orderBy><![CDATA[display_asc]]></orderBy>
                                <displayPages><![CDATA[second_level]]></displayPages>
                                <displayPagesCID/>
                                <displayPagesIncludeSelf><![CDATA[0]]></displayPagesIncludeSelf>
                                <displaySubPages><![CDATA[relevant]]></displaySubPages>
                                <displaySubPageLevels><![CDATA[enough]]></displaySubPageLevels>
                                <displaySubPageLevelsNum><![CDATA[0]]></displaySubPageLevelsNum>
                                <displayUnavailablePages><![CDATA[0]]></displayUnavailablePages>
                            </record>
                        </data>
                    </block>
                </area>
                <area name="Main"/>
            </page>
        </pagetype>
        <pagetype handle="right_sidebar" name="Right Sidebar" package="">
            <page name="" path="" filename="" pagetype="right_sidebar" description="" package="">
                <area name="Header">
                    <block type="slideshow" name="" mc-block-id="r27Q6OCN">
                        <data table="btSlideshow">
                            <record>
                                <fsID><![CDATA[0]]></fsID>
                                <playback><![CDATA[ORDER]]></playback>
                                <duration><![CDATA[]]></duration>
                                <fadeDuration><![CDATA[]]></fadeDuration>
                            </record>
                        </data>
                        <data table="btSlideshowImg">
                            <record>
                                <slideshowImgId><![CDATA[1]]></slideshowImgId>
                                <fID>{ccm:export:file:inneroptics_dot_net_starfish.jpg}</fID>
                                <url><![CDATA[]]></url>
                                <duration><![CDATA[5]]></duration>
                                <fadeDuration><![CDATA[2]]></fadeDuration>
                                <groupSet><![CDATA[0]]></groupSet>
                                <position><![CDATA[0]]></position>
                                <imgHeight><![CDATA[192]]></imgHeight>
                            </record>
                            <record>
                                <slideshowImgId><![CDATA[2]]></slideshowImgId>
                                <fID>{ccm:export:file:inneroptics_dot_net_portland.jpg}</fID>
                                <url><![CDATA[]]></url>
                                <duration><![CDATA[5]]></duration>
                                <fadeDuration><![CDATA[2]]></fadeDuration>
                                <groupSet><![CDATA[0]]></groupSet>
                                <position><![CDATA[1]]></position>
                                <imgHeight><![CDATA[215]]></imgHeight>
                            </record>
                            <record>
                                <slideshowImgId><![CDATA[3]]></slideshowImgId>
                                <fID>{ccm:export:file:inneroptics_dot_net_canyonlands.jpg}</fID>
                                <url><![CDATA[]]></url>
                                <duration><![CDATA[5]]></duration>
                                <fadeDuration><![CDATA[2]]></fadeDuration>
                                <groupSet><![CDATA[0]]></groupSet>
                                <position><![CDATA[2]]></position>
                                <imgHeight><![CDATA[192]]></imgHeight>
                            </record>
                            <record>
                                <slideshowImgId><![CDATA[4]]></slideshowImgId>
                                <fID>{ccm:export:file:inneroptics_dot_net_new_zealand_sheep.jpg}</fID>
                                <url><![CDATA[]]></url>
                                <duration><![CDATA[5]]></duration>
                                <fadeDuration><![CDATA[2]]></fadeDuration>
                                <groupSet><![CDATA[0]]></groupSet>
                                <position><![CDATA[3]]></position>
                                <imgHeight><![CDATA[192]]></imgHeight>
                            </record>
                        </data>
                    </block>
                </area>
                <area name="Sidebar">
                    <block type="autonav" name="" mc-block-id="MomRxixT">
                        <data table="btNavigation">
                            <record>
                                <orderBy><![CDATA[display_asc]]></orderBy>
                                <displayPages><![CDATA[second_level]]></displayPages>
                                <displayPagesCID/>
                                <displayPagesIncludeSelf><![CDATA[0]]></displayPagesIncludeSelf>
                                <displaySubPages><![CDATA[relevant]]></displaySubPages>
                                <displaySubPageLevels><![CDATA[enough]]></displaySubPageLevels>
                                <displaySubPageLevelsNum><![CDATA[0]]></displaySubPageLevelsNum>
                                <displayUnavailablePages><![CDATA[0]]></displayUnavailablePages>
                            </record>
                        </data>
                    </block>
                </area>
                <area name="Main"/>
            </page>
        </pagetype>
    </pagetypes>
    <pages>
    	<page name="Welcome to concrete5" path="/dashboard/welcome" filename="" description="Learn about how to use concrete5, how to develop for concrete5, and get general help." pagetype="dashboard_header_four_col">
			<attributes>
				<attributekey handle="exclude_nav">
					<value><![CDATA[1]]></value>
				</attributekey>
			</attributes>
			<area name="Header">
				<block type="content" name="">
					<data table="btContentLocal">
						<record>
						<content><![CDATA[	<div id="newsflow-header-first-run"><h1>Welcome to concrete5.</h1>
						<h2>It's easy to edit content and add pages using in-context editing.</h2></div>
						]]></content>
						</record>
					</data>
				</block>
			</area>
			<area name="Column 1">
				<block type="content" name="">
					<data table="btContentLocal">
						<record>
						<content><![CDATA[<div class="newsflow-column-first-run">
							<h3>Building Your Own Site</h3>
							<p>If you’re comfortable in PHP concrete5 should be a breeze to learn. Take a few moments to understand the architecture.</p>
							<p><a href="javascript:void(0)" onclick="ccm_getNewsflowByPath('/welcome/editors')" class="btn primary">Editor's Guide</a></p>
							</div>]]></content>
						</record>
					</data>
				</block>
			</area>
			<area name="Column 2">
				<block type="content" name="">
					<data table="btContentLocal">
						<record>
						<content><![CDATA[<div class="newsflow-column-first-run">
							<h3>Developing Applications</h3>
							<p>If you’re comfortable in PHP concrete5 should be a breeze to learn. Take a few moments to understand the architecture.</p>
							<p><a href="javascript:void(0)" onclick="ccm_getNewsflowByPath('/welcome/developers')" class="btn primary">Developer's Guide</a></p>
							</div>]]></content>
						</record>
					</data>
				</block>
			</area>
			<area name="Column 3">
				<block type="content" name="">
					<data table="btContentLocal">
						<record>
						<content><![CDATA[<div class="newsflow-column-first-run">
							<h3>Designing Websites</h3>
							<p>Good with CSS and HTML? You can easily theme anything with concrete5.</p>
							<p><a href="javascript:void(0)" onclick="ccm_getNewsflowByPath('/welcome/designers')" class="btn primary">Designer's Guide</a></p>
							</div>]]></content>
						</record>
					</data>
				</block>
			</area>
			<area name="Column 4">
				<block type="content" name="">
					<data table="btContentLocal">
						<record>
						<content><![CDATA[
						<div class="newsflow-column-first-run">
						<h3>Business Background</h3>
						<p>Worried about license structures, white-labeling or why concrete5 is a good choice for your agency?</p>
						<p><a href="javascript:void(0)" onclick="ccm_getNewsflowByPath('/welcome/executives')" class="btn primary">Executive's Guide</a></p>
						</div>]]></content>
						</record>
					</data>
				</block>
			</area>
    	</page>
    	
    	<page name="Customize Dashboard Home" path="/dashboard/home" filename="" pagetype="dashboard_primary_five" description="" package="">
			<attributes>
				<attributekey handle="exclude_nav">
					<value><![CDATA[1]]></value>
				</attributekey>
				<attributekey handle="exclude_search_index">
					<value><![CDATA[1]]></value>
				</attributekey>
			</attributes>
			<area name="Primary">
				<block type="dashboard_app_status" name=""/>
				<block type="dashboard_form_summary" name=""/>
			</area>
			<area name="Secondary 1">
				<block type="rss_displayer" name="" custom-template="read_more.php">
					<data table="btRssDisplay">
						<record>
							<title><![CDATA[]]></title>
							<url><![CDATA[http://www.concrete5.org/about/blog/totally-random-web-show/-/feed/]]></url>
							<dateFormat><![CDATA[F jS]]></dateFormat>
							<itemsToDisplay><![CDATA[1]]></itemsToDisplay>
							<showSummary><![CDATA[1]]></showSummary>
							<launchInNewWindow><![CDATA[0]]></launchInNewWindow>
						</record>
					</data>
				</block>
			</area>
			<area name="Secondary 2">
				<block type="rss_displayer" name="" custom-template="read_more.php">
					<data table="btRssDisplay">
						<record>
							<title><![CDATA[]]></title>
							<url><![CDATA[http://www.concrete5.org/about/blog/concrete5-sightings/-/feed/]]></url>
							<dateFormat><![CDATA[F jS]]></dateFormat>
							<itemsToDisplay><![CDATA[1]]></itemsToDisplay>
							<showSummary><![CDATA[1]]></showSummary>
							<launchInNewWindow><![CDATA[0]]></launchInNewWindow>
						</record>
					</data>
				</block>
			</area>
			<area name="Secondary 3">
				<block type="dashboard_featured_theme" name=""/>
			</area>
			<area name="Secondary 4">
				<block type="dashboard_featured_addon" name=""/>
			</area>
			<area name="Secondary 5">
				<block type="dashboard_newsflow_latest" name=""/>
			</area>
		</page>
        <page name="Home" path="" filename="" pagetype="right_sidebar" description="" package="">
            <area name="Header">
                <block mc-block-id="r27Q6OCN"/>
            </area>
            <area name="Sidebar">
                <block type="content" name="">
                    <data table="btContentLocal">
                        <record>
                            <content><![CDATA[<h2>Sidebar</h2>
                                <p>Everything about concrete5 is completely customizable through the CMS. This is a separate area from the main content on the homepage. You can <a title="Move blocks in concrete5" href="http://www.concrete5.org/documentation/general-topics/blocks-and-areas" target="_blank">drag and drop blocks</a> like this around your layout.</p>
                                <p> </p>]]></content>
                            </record>
                        </data>
                    </block>
                </area>
                <area name="Main">
                    <block type="content" name="">
                        <data table="btContentLocal">
                            <record>
                                <content><![CDATA[<h1>Welcome to concrete5 - an Open Source CMS</h1>
                                    <p>Content Management is easy with concrete5's in-context editing. Just <a title="Login" href="{CCM:BASE_URL}/index.php/login">login</a> and you can add and change things as you browse your site. </p>
                                    <p>Here's some videos you can watch learn how to:</p>
                                    <ul>
                                    <li><a title="In-context editing CMS" href="http://www.concrete5.org/documentation/general-topics/in-context-editing/">Edit</a> this page.</li>
                                    <li>Add a <a title="Add a page in concrete5" href="http://www.concrete5.org/documentation/general-topics/add-a-page/" target="_blank">new page</a>.</li>
                                    <li>Add some basic functionality, like <a title="Add a simple form in concrete5" href="http://www.concrete5.org/documentation/general-topics/add_a_form" target="_blank">a Form</a>.</li>
                                    <li><a title="add-on marketplace for concrete5" href="http://www.concrete5.org/marketplace/how_to_install_add_ons_and_themes_/" target="_blank">Finding & adding</a> more functionality and themes.</li>
                                    </ul>
                                    <p>We've taken the liberty to build out the rest of this site with some sample content that will help you learn concrete5. Wander around a bit, or just goto the <a title="Sitemap" href="{CCM:BASE_URL}/index.php/dashboard/sitemap/full/">Dashboard > Sitemap</a> and delete the parts you don't want quickly.</p>
                                    <p> </p>]]></content>
                                </record>
                            </data>
                        </block>
                        <block type="youtube" name="">
                            <data table="btYouTube">
                                <record>
                                    <title><![CDATA[Basic Editing]]></title>
                                    <videoURL><![CDATA[http://www.youtube.com/watch?v=oYSOFTNLbKY]]></videoURL>
                                    <vHeight><![CDATA[]]></vHeight>
                                    <vWidth><![CDATA[]]></vWidth>
                                    <vPlayer><![CDATA[0]]></vPlayer>
                                </record>
                            </data>
                        </block>
                    </area>
                </page>
                <page name="Search" path="/search" filename="" pagetype="left_sidebar" description="" package="">
                    <attributes>
                        <attributekey handle="meta_title">
                            <value><![CDATA[]]></value>
                        </attributekey>
                        <attributekey handle="meta_description">
                            <value><![CDATA[]]></value>
                        </attributekey>
                        <attributekey handle="meta_keywords">
                            <value><![CDATA[]]></value>
                        </attributekey>
                        <attributekey handle="exclude_nav">
                            <value><![CDATA[0]]></value>
                        </attributekey>
                    </attributes>
                    <area name="Header">
                        <block mc-block-id="tKtpsWVg"/>
                    </area>
                    <area name="Sidebar">
                        <block type="search" name="">
                            <data table="btSearch">
                                <record>
                                    <title><![CDATA[Search Your Site]]></title>
                                    <buttonText><![CDATA[Go]]></buttonText>
                                    <baseSearchPath><![CDATA[]]></baseSearchPath>
                                    <resultsURL><![CDATA[/search/search-results]]></resultsURL>
                                </record>
                            </data>
                        </block>
                    </area>
                    <area name="Main">
                        <block type="content" name="">
                            <data table="btContentLocal">
                                <record>
                                    <content><![CDATA[<h1>Site Map</h1>]]></content>
                                </record>
                            </data>
                        </block>
                        <block type="autonav" name="">
                            <data table="btNavigation">
                                <record>
                                    <orderBy><![CDATA[display_asc]]></orderBy>
                                    <displayPages><![CDATA[top]]></displayPages>
                                    <displayPagesCID/>
                                    <displayPagesIncludeSelf><![CDATA[0]]></displayPagesIncludeSelf>
                                    <displaySubPages><![CDATA[all]]></displaySubPages>
                                    <displaySubPageLevels><![CDATA[all]]></displaySubPageLevels>
                                    <displaySubPageLevelsNum><![CDATA[0]]></displaySubPageLevelsNum>
                                    <displayUnavailablePages><![CDATA[0]]></displayUnavailablePages>
                                </record>
                            </data>
                        </block>
                    </area>
                </page>
                <page name="Search Results" path="/search/search-results" filename="" pagetype="left_sidebar" description="" package="">
                    <attributes>
                        <attributekey handle="meta_title">
                            <value><![CDATA[]]></value>
                        </attributekey>
                        <attributekey handle="meta_description">
                            <value><![CDATA[]]></value>
                        </attributekey>
                        <attributekey handle="meta_keywords">
                            <value><![CDATA[]]></value>
                        </attributekey>
                        <attributekey handle="exclude_nav">
                            <value><![CDATA[1]]></value>
                        </attributekey>
                    </attributes>
                    <area name="Header">
                        <block mc-block-id="tKtpsWVg"/>
                    </area>
                    <area name="Sidebar">
                        <block mc-block-id="CHCQ46Tz"/>
                    </area>
                    <area name="Main">
                        <block type="search" name="">
                            <data table="btSearch">
                                <record>
                                    <title><![CDATA[Search Results]]></title>
                                    <buttonText><![CDATA[Search]]></buttonText>
                                    <baseSearchPath><![CDATA[]]></baseSearchPath>
                                    <resultsURL><![CDATA[]]></resultsURL>
                                </record>
                            </data>
                        </block>
                    </area>
                </page>
                <page name="About" path="/about" filename="" pagetype="left_sidebar" description="" package="">
                    <attributes>
                        <attributekey handle="meta_title">
                            <value><![CDATA[]]></value>
                        </attributekey>
                        <attributekey handle="meta_description">
                            <value><![CDATA[]]></value>
                        </attributekey>
                        <attributekey handle="meta_keywords">
                            <value><![CDATA[]]></value>
                        </attributekey>
                        <attributekey handle="exclude_nav">
                            <value><![CDATA[0]]></value>
                        </attributekey>
                    </attributes>
                    <area name="Header">
                        <block mc-block-id="tKtpsWVg"/>
                    </area>
                    <area name="Sidebar">
                        <block mc-block-id="CHCQ46Tz"/>
                    </area>
                    <area name="Main">
                        <block type="content" name="">
                            <data table="btContentLocal">
                                <record>
                                    <content><![CDATA[<h1>Learn More</h1>
                                        <p>Visit <a title="concrete5 Content Management System" href="http://www.concrete5.org" target="_blank">concrete5.org</a> to learn more from the <a title="open source content management system" href="http://www.concrete5.org/community" target="_blank">community</a> and the <a title="concrete5 documentation" href="http://www.concrete5.org/documentation/" target="_blank">documentation</a>. You can also browse our <a title="concrete5 marketplace" href="http://www.concrete5.org/marketplace/" target="_blank">marketplace</a> for more <a title="Add-ons for concrete5" href="http://www.concrete5.org/marketplace/addons/" target="_blank">add-ons</a> and <a title="Themes for concrete5" href="http://www.concrete5.org/marketplace/themes/" target="_blank">themes</a> to quickly build the site you really need. </p>
                                        <p> </p>]]></content>
                                    </record>
                                </data>
                            </block>
                            <block type="content" name="">
                                <data table="btContentLocal">
                                    <record>
                                        <content><![CDATA[<h2>Common Tips</h2>
                                            <p>Want to <a title="change your site name in concrete5" href="http://www.concrete5.org/help/faq/how_do_i_get_rid_of_my_sitename_/" target="_blank">change your site name</a> up top?</p>
                                            <p>Need to sell stuff on your website? Check out our <a title="eCommerce and concrete5" href="http://www.concrete5.org/marketplace/addons/ecommerce/" target="_blank">eCommerce add-on</a>.</p>
                                            <p>Help, <a title="Reset your admin password in concrete5" href="http://www.concrete5.org/help/faq/i-can-t-login/" target="_blank">I can't login</a> anymore!</p>
                                            <p> </p>]]></content>
                                        </record>
                                    </data>
                                </block>
                            </area>
                        </page>
                        <page name="Guestbook" path="/about/guest-book" filename="" pagetype="left_sidebar" description="" package="">
                            <attributes>
                                <attributekey handle="meta_title">
                                    <value><![CDATA[]]></value>
                                </attributekey>
                                <attributekey handle="meta_description">
                                    <value><![CDATA[]]></value>
                                </attributekey>
                                <attributekey handle="meta_keywords">
                                    <value><![CDATA[]]></value>
                                </attributekey>
                                <attributekey handle="exclude_nav">
                                    <value><![CDATA[0]]></value>
                                </attributekey>
                            </attributes>
                            <area name="Header">
                                <block mc-block-id="tKtpsWVg"/>
                            </area>
                            <area name="Sidebar">
                                <block mc-block-id="CHCQ46Tz"/>
                            </area>
                            <area name="Main">
                                <block type="content" name="">
                                    <data table="btContentLocal">
                                        <record>
                                            <content><![CDATA[<h1>Say Hi!</h1>
                                                <p>Here's a simple guestbook you can add to any page on your website to allow comments. Why not put the guestbook block in edit mode and play with the options?</p>
                                                <p>We also have a fully featured <a title="Forums for concrete5" href="http://www.concrete5.org/marketplace/addons/discussion/" target="_blank">Discussions Forum Add-on</a> if you need it. </p>
                                                <p> </p>]]></content>
                                            </record>
                                        </data>
                                    </block>
                                    <block type="guestbook" name="">
                                        <data table="btGuestBook">
                                            <record>
                                                <requireApproval><![CDATA[0]]></requireApproval>
                                                <title><![CDATA[Comments:]]></title>
                                                <dateFormat><![CDATA[M jS, Y]]></dateFormat>
                                                <displayGuestBookForm><![CDATA[1]]></displayGuestBookForm>
                                                <displayCaptcha><![CDATA[1]]></displayCaptcha>
                                                <authenticationRequired><![CDATA[0]]></authenticationRequired>
                                                <notifyEmail><![CDATA[]]></notifyEmail>
                                            </record>
                                        </data>
                                        <data table="btGuestBookEntries"/>
                                    </block>
                                </area>
                            </page>
                        </pages>
						<config>
							<SITE_DEBUG_LEVEL>1</SITE_DEBUG_LEVEL>
							<ENABLE_LOG_EMAILS>1</ENABLE_LOG_EMAILS>
							<ENABLE_LOG_ERRORS>1</ENABLE_LOG_ERRORS>
							<ENABLE_BLOCK_CACHE>1</ENABLE_BLOCK_CACHE>
							<FULL_PAGE_CACHE_GLOBAL>0</FULL_PAGE_CACHE_GLOBAL>
							<ENABLE_MARKETPLACE_SUPPORT>1</ENABLE_MARKETPLACE_SUPPORT>
						</config>
                    </concrete5-cif>
